Indicador,Valor
Tasa de Variación (%),0.539215686274507
Media Móvil 7 días,61.95142857142857
Volatilidad 7 días,0.6060095865926771
Retorno Acumulado (%),65.00402252614643
Desviación Estándar Precio,16.80537446331039
